"Work Item Type","Title","State","Area Path","Iteration Path","Priority","Story Points","Description","Acceptance Criteria","Tags","Parent Title (referencia)"
"Epic","KuraVet - Plataforma de Cuidado Continuo Pet","New","KuraVet","KuraVet\Release 1\Sprint 3","","","Plataforma multi-camada para gestao do cuidado continuo de pets (prontuario, vacinacao, consultas e planos de acompanhamento), com backend de dados em Oracle, infraestrutura em nuvem, servicos distribuidos (.NET e Java) e app mobile para tutores.","","KuraVet",""
"Feature","Camada de Dados (Oracle)","New","KuraVet","KuraVet\Release 1\Sprint 3","","","Nucleo relacional do dominio KuraVet, incluindo logica de negocio em PL/SQL e auditoria.","","KuraVet","KuraVet - Plataforma de Cuidado Continuo Pet"
"Feature","Infraestrutura Azure (DevOps/Cloud)","New","KuraVet","KuraVet\Release 1\Sprint 3","","","Provisionamento via Azure CLI e primeira carga funcional em nuvem.","","KuraVet","KuraVet - Plataforma de Cuidado Continuo Pet"
"Feature","Microsservico .NET (Observabilidade e Qualidade)","New","KuraVet","KuraVet\Release 1\Sprint 3","","","Servico isolado com health check, logs estruturados e metricas.","","KuraVet","KuraVet - Plataforma de Cuidado Continuo Pet"
"Feature","Monolito Java (Spring Boot)","New","KuraVet","KuraVet\Release 1\Sprint 3","","","Modulo administrativo com views Thymeleaf, seguranca por perfis e API JSON para mobile.","","KuraVet","KuraVet - Plataforma de Cuidado Continuo Pet"
"Feature","App Mobile (React Native)","New","KuraVet","KuraVet\Release 1\Sprint 3","","","Navegacao real, integracao de API e autenticacao desacoplada via Firebase.","","KuraVet","KuraVet - Plataforma de Cuidado Continuo Pet"
"Product Backlog Item","PBI 1.1 - Modelagem e Script Core do Banco de Dados","New","KuraVet","KuraVet\Release 1\Sprint 3","1","8","Criar script_bd.sql com o modelo relacional core do KuraVet (tutores, pets, especies/racas, prontuarios, consultas, vacinas, planos de cuidado continuo), com constraints, sequences e massa de dados.","Script cria todas as tabelas sem erro em schema limpo; 5 registros por tabela com integridade referencial; nomenclatura padronizada (tb_/pk_/fk_/ck_); script idempotente.","KuraVet;Dados;Oracle","Camada de Dados (Oracle)"
"Task","T1.1.1 - Modelagem logica e DDL das tabelas core","New","KuraVet","KuraVet\Release 1\Sprint 3","","3","Modelagem logica e criacao do DDL das tabelas core.","Dependencias: -","KuraVet;Dados","PBI 1.1 - Modelagem e Script Core do Banco de Dados"
"Task","T1.1.2 - Constraints (PK/FK/CHECK) e sequences","New","KuraVet","KuraVet\Release 1\Sprint 3","","2","Implementacao de constraints e sequences.","Dependencias: T1.1.1","KuraVet;Dados","PBI 1.1 - Modelagem e Script Core do Banco de Dados"
"Task","T1.1.3 - INSERTs com 5 registros por tabela","New","KuraVet","KuraVet\Release 1\Sprint 3","","2","Scripts de insercao de massa de teste consistente.","Dependencias: T1.1.2","KuraVet;Dados","PBI 1.1 - Modelagem e Script Core do Banco de Dados"
"Task","T1.1.4 - Validacao de execucao idempotente","New","KuraVet","KuraVet\Release 1\Sprint 3","","1","Teste de reexecucao do script_bd.sql sem falhas.","Dependencias: T1.1.3","KuraVet;Dados","PBI 1.1 - Modelagem e Script Core do Banco de Dados"
"Product Backlog Item","PBI 1.2 - Procedures e Functions de Negocio (PL/SQL)","New","KuraVet","KuraVet\Release 1\Sprint 3","1","13","Implementar 2 procedures manuais (uma com JOIN retornando JSON; outra com subtotais sem ROLLUP/CUBE) e 2 functions (uma com montagem manual de JSON, sem conversao nativa; outra com regra de negocio de status de cuidado continuo).","PRC_PET_PRONTUARIO_JSON com JOIN retornando JSON valido; PRC_SUBTOTAL_CONSULTAS_POR_PET sem ROLLUP/CUBE; FN_TO_JSON_MANUAL sem funcao nativa de conversao JSON; FN_CALC_STATUS_CUIDADO com regra de negocio; cada bloco trata no minimo 3 EXCEPTION WHEN.","KuraVet;Dados;Oracle;PLSQL","Camada de Dados (Oracle)"
"Task","T1.2.1 - Procedure PRC_PET_PRONTUARIO_JSON","New","KuraVet","KuraVet\Release 1\Sprint 3","","3","Procedure com JOIN retornando JSON.","Dependencias: PBI 1.1","KuraVet;Dados","PBI 1.2 - Procedures e Functions de Negocio (PL/SQL)"
"Task","T1.2.2 - Procedure PRC_SUBTOTAL_CONSULTAS_POR_PET","New","KuraVet","KuraVet\Release 1\Sprint 3","","3","Subtotais manuais sem ROLLUP/CUBE.","Dependencias: PBI 1.1","KuraVet;Dados","PBI 1.2 - Procedures e Functions de Negocio (PL/SQL)"
"Task","T1.2.3 - Function FN_TO_JSON_MANUAL","New","KuraVet","KuraVet\Release 1\Sprint 3","","3","Montagem manual de JSON via concatenacao.","Dependencias: T1.2.1","KuraVet;Dados","PBI 1.2 - Procedures e Functions de Negocio (PL/SQL)"
"Task","T1.2.4 - Function FN_CALC_STATUS_CUIDADO","New","KuraVet","KuraVet\Release 1\Sprint 3","","3","Regra de negocio de status do plano de cuidado.","Dependencias: PBI 1.1","KuraVet;Dados","PBI 1.2 - Procedures e Functions de Negocio (PL/SQL)"
"Task","T1.2.5 - Tratamento de excecoes e testes manuais","New","KuraVet","KuraVet\Release 1\Sprint 3","","1","3 EXCEPTION WHEN por bloco; testes manuais.","Dependencias: T1.2.1-T1.2.4","KuraVet;Dados","PBI 1.2 - Procedures e Functions de Negocio (PL/SQL)"
"Product Backlog Item","PBI 1.3 - Trigger de Auditoria","New","KuraVet","KuraVet\Release 1\Sprint 3","2","5","Trigger de auditoria capturando alteracoes via :OLD e :NEW em tabela critica, persistindo em log de auditoria.","Dispara em INSERT/UPDATE/DELETE; registro contem :OLD, :NEW, usuario, timestamp e operacao; tabela de auditoria propria; trata no minimo 3 EXCEPTION WHEN; testes de rastreabilidade.","KuraVet;Dados;Compliance","Camada de Dados (Oracle)"
"Task","T1.3.1 - Criar tabela tb_auditoria_log","New","KuraVet","KuraVet\Release 1\Sprint 3","","1","Criacao da tabela de log de auditoria.","Dependencias: PBI 1.1","KuraVet;Dados","PBI 1.3 - Trigger de Auditoria"
"Task","T1.3.2 - Implementar TRG_AUD_PRONTUARIO","New","KuraVet","KuraVet\Release 1\Sprint 3","","2","Trigger com :OLD/:NEW para INSERT/UPDATE/DELETE.","Dependencias: T1.3.1","KuraVet;Dados","PBI 1.3 - Trigger de Auditoria"
"Task","T1.3.3 - Tratamento de excecoes no trigger","New","KuraVet","KuraVet\Release 1\Sprint 3","","1","3 EXCEPTION WHEN no trigger.","Dependencias: T1.3.2","KuraVet;Dados","PBI 1.3 - Trigger de Auditoria"
"Task","T1.3.4 - Testes de rastreabilidade e compliance","New","KuraVet","KuraVet\Release 1\Sprint 3","","1","Evidencias de rastreabilidade das alteracoes.","Dependencias: T1.3.3","KuraVet;Dados","PBI 1.3 - Trigger de Auditoria"
"Product Backlog Item","PBI 2.1 - Provisionamento via Azure CLI","New","KuraVet","KuraVet\Release 1\Sprint 3","1","8","Provisionar toda infraestrutura (Resource Group, ACR, ACI ou PaaS, Key Vault, Log Analytics) exclusivamente via Azure CLI, com arquitetura 100% conteinerizada (ACR+ACI non-root) ou 100% PaaS.","Recursos criados via az CLI versionado; decisao arquitetural documentada e consistente; imagem non-root validada (se conteinerizado); scripts idempotentes; segredos protegidos (Key Vault).","KuraVet;Cloud;Azure","Infraestrutura Azure (DevOps/Cloud)"
"Task","T2.1.1 - Script AZ CLI - Resource Group e ACR","New","KuraVet","KuraVet\Release 1\Sprint 3","","2","Criacao de Resource Group e ACR via az CLI.","Dependencias: -","KuraVet;Cloud","PBI 2.1 - Provisionamento via Azure CLI"
"Task","T2.1.2 - Build e push de imagem non-root","New","KuraVet","KuraVet\Release 1\Sprint 3","","2","Build e push de imagem non-root para o ACR.","Dependencias: T2.1.1","KuraVet;Cloud","PBI 2.1 - Provisionamento via Azure CLI"
"Task","T2.1.3 - Provisionamento de ACI ou PaaS","New","KuraVet","KuraVet\Release 1\Sprint 3","","2","Provisionamento via az CLI do recurso de execucao.","Dependencias: T2.1.2","KuraVet;Cloud","PBI 2.1 - Provisionamento via Azure CLI"
"Task","T2.1.4 - Key Vault e Log Analytics","New","KuraVet","KuraVet\Release 1\Sprint 3","","1","Configuracao de segredos e observabilidade de infra.","Dependencias: T2.1.1","KuraVet;Cloud","PBI 2.1 - Provisionamento via Azure CLI"
"Task","T2.1.5 - Validacao non-root e documentacao","New","KuraVet","KuraVet\Release 1\Sprint 3","","1","Validacao de execucao non-root e documentacao do provisionamento.","Dependencias: T2.1.3;T2.1.4","KuraVet;Cloud","PBI 2.1 - Provisionamento via Azure CLI"
"Product Backlog Item","PBI 2.2 - CRUD Funcional na Nuvem","New","KuraVet","KuraVet\Release 1\Sprint 3","2","8","Implementar CRUD funcional na nuvem para duas tabelas do dominio (ex.: Pet e Consulta).","CRUD completo testavel via HTTP real no ambiente Azure; persistencia sobrevive a reinicios; sem privilegios administrativos/root expostos.","KuraVet;Cloud;Azure","Infraestrutura Azure (DevOps/Cloud)"
"Task","T2.2.1 - Definicao dos endpoints CRUD","New","KuraVet","KuraVet\Release 1\Sprint 3","","1","Definicao dos endpoints para Pet e Consulta.","Dependencias: PBI 2.1","KuraVet;Cloud","PBI 2.2 - CRUD Funcional na Nuvem"
"Task","T2.2.2 - Implementacao do CRUD e conexao com banco cloud","New","KuraVet","KuraVet\Release 1\Sprint 3","","3","Implementacao funcional do CRUD.","Dependencias: T2.2.1","KuraVet;Cloud","PBI 2.2 - CRUD Funcional na Nuvem"
"Task","T2.2.3 - Deploy do CRUD no recurso provisionado","New","KuraVet","KuraVet\Release 1\Sprint 3","","2","Deploy no ACI/PaaS provisionado.","Dependencias: T2.2.2","KuraVet;Cloud","PBI 2.2 - CRUD Funcional na Nuvem"
"Task","T2.2.4 - Testes end-to-end no ambiente Azure","New","KuraVet","KuraVet\Release 1\Sprint 3","","2","Validacao E2E no ambiente real.","Dependencias: T2.2.3","KuraVet;Cloud","PBI 2.2 - CRUD Funcional na Nuvem"
"Product Backlog Item","PBI 3.1 - Health Check, Logs Estruturados e Metricas","New","KuraVet","KuraVet\Release 1\Sprint 3","2","8","Microsservico .NET isolado com endpoints de health check, logging estruturado via Serilog e metricas via OpenTelemetry.","Endpoints /health e /health/ready implementados; logs estruturados em JSON via Serilog com correlacao de request id; metricas expostas via OpenTelemetry; servico isolado sem acoplamento.","KuraVet;.NET;Observabilidade","Microsservico .NET (Observabilidade e Qualidade)"
"Task","T3.1.1 - Criar projeto .NET isolado","New","KuraVet","KuraVet\Release 1\Sprint 3","","1","Estrutura base do microsservico.","Dependencias: -","KuraVet;.NET","PBI 3.1 - Health Check, Logs Estruturados e Metricas"
"Task","T3.1.2 - Health Checks (liveness/readiness)","New","KuraVet","KuraVet\Release 1\Sprint 3","","2","Implementacao dos endpoints de health check.","Dependencias: T3.1.1","KuraVet;.NET","PBI 3.1 - Health Check, Logs Estruturados e Metricas"
"Task","T3.1.3 - Configurar Serilog","New","KuraVet","KuraVet\Release 1\Sprint 3","","2","Logs estruturados em JSON.","Dependencias: T3.1.1","KuraVet;.NET","PBI 3.1 - Health Check, Logs Estruturados e Metricas"
"Task","T3.1.4 - Configurar OpenTelemetry","New","KuraVet","KuraVet\Release 1\Sprint 3","","2","Metricas exportadas via OpenTelemetry.","Dependencias: T3.1.1","KuraVet;.NET","PBI 3.1 - Health Check, Logs Estruturados e Metricas"
"Task","T3.1.5 - Containerizacao do microsservico","New","KuraVet","KuraVet\Release 1\Sprint 3","","1","Dockerfile e build da imagem.","Dependencias: T3.1.2;T3.1.3;T3.1.4","KuraVet;.NET","PBI 3.1 - Health Check, Logs Estruturados e Metricas"
"Product Backlog Item","PBI 3.2 - Testes Automatizados (xUnit, Moq, AAA)","New","KuraVet","KuraVet\Release 1\Sprint 3","3","5","Testes de unidade e integracao do microsservico utilizando xUnit, Moq e o padrao AAA.","Testes de unidade com Moq para dependencias; testes de integracao validando health checks via WebApplicationFactory; estrutura AAA explicita; cobertura minima documentada (ex.: 70%).","KuraVet;.NET;Testes","Microsservico .NET (Observabilidade e Qualidade)"
"Task","T3.2.1 - Testes de unidade (xUnit + Moq, AAA)","New","KuraVet","KuraVet\Release 1\Sprint 3","","2","Testes de unidade da logica isolada.","Dependencias: PBI 3.1","KuraVet;.NET","PBI 3.2 - Testes Automatizados (xUnit, Moq, AAA)"
"Task","T3.2.2 - Testes de integracao de endpoints","New","KuraVet","KuraVet\Release 1\Sprint 3","","2","Testes via WebApplicationFactory.","Dependencias: PBI 3.1","KuraVet;.NET","PBI 3.2 - Testes Automatizados (xUnit, Moq, AAA)"
"Task","T3.2.3 - Relatorio de cobertura e evidencias","New","KuraVet","KuraVet\Release 1\Sprint 3","","1","Geracao e documentacao do relatorio de cobertura.","Dependencias: T3.2.1;T3.2.2","KuraVet;.NET","PBI 3.2 - Testes Automatizados (xUnit, Moq, AAA)"
"Product Backlog Item","PBI 4.1 - Views Thymeleaf e Banco Versionado (Flyway)","New","KuraVet","KuraVet\Release 1\Sprint 3","2","8","Modulo administrativo monolitico com views server-side em Thymeleaf e banco versionado via Flyway.","Telas administrativas funcionais via Thymeleaf; migrations Flyway versionadas aplicadas no startup; rollback de migration testado em homologacao.","KuraVet;Java;SpringBoot","Monolito Java (Spring Boot)"
"Task","T4.1.1 - Setup Spring Boot + Flyway","New","KuraVet","KuraVet\Release 1\Sprint 3","","2","Setup do projeto e migrations iniciais.","Dependencias: -","KuraVet;Java","PBI 4.1 - Views Thymeleaf e Banco Versionado (Flyway)"
"Task","T4.1.2 - Views Thymeleaf (listagem/cadastro)","New","KuraVet","KuraVet\Release 1\Sprint 3","","3","Implementacao das telas administrativas.","Dependencias: T4.1.1","KuraVet;Java","PBI 4.1 - Views Thymeleaf e Banco Versionado (Flyway)"
"Task","T4.1.3 - Testes de migration (apply/rollback)","New","KuraVet","KuraVet\Release 1\Sprint 3","","2","Validacao de aplicacao e rollback de migrations.","Dependencias: T4.1.1","KuraVet;Java","PBI 4.1 - Views Thymeleaf e Banco Versionado (Flyway)"
"Task","T4.1.4 - Ajustes de UX e validacao server-side","New","KuraVet","KuraVet\Release 1\Sprint 3","","1","Refinamento de formularios e validacoes.","Dependencias: T4.1.2","KuraVet;Java","PBI 4.1 - Views Thymeleaf e Banco Versionado (Flyway)"
"Product Backlog Item","PBI 4.2 - Seguranca por Perfis (Spring Security)","New","KuraVet","KuraVet\Release 1\Sprint 3","2","5","Protecao de rotas do monolito com Spring Security, com dois perfis de acesso (ADMIN e VETERINARIO).","Login funcional protegendo rotas administrativas; dois perfis com permissoes distintas testadas; senhas com hashing seguro (BCrypt); testes de autorizacao documentados.","KuraVet;Java;Seguranca","Monolito Java (Spring Boot)"
"Task","T4.2.1 - Configuracao Spring Security","New","KuraVet","KuraVet\Release 1\Sprint 3","","2","Configuracao de autenticacao base.","Dependencias: PBI 4.1","KuraVet;Java","PBI 4.2 - Seguranca por Perfis (Spring Security)"
"Task","T4.2.2 - Perfis ADMIN/VETERINARIO e regras de rota","New","KuraVet","KuraVet\Release 1\Sprint 3","","2","Definicao dos perfis e autorizacoes.","Dependencias: T4.2.1","KuraVet;Java","PBI 4.2 - Seguranca por Perfis (Spring Security)"
"Task","T4.2.3 - Testes de autorizacao por perfil","New","KuraVet","KuraVet\Release 1\Sprint 3","","1","Validacao de acesso negado/permitido por perfil.","Dependencias: T4.2.2","KuraVet;Java","PBI 4.2 - Seguranca por Perfis (Spring Security)"
"Product Backlog Item","PBI 4.3 - API JSON Paralela para o App Mobile","New","KuraVet","KuraVet\Release 1\Sprint 3","3","5","API REST paralela (JSON), a partir do mesmo monolito, para consumo pelo app mobile.","Endpoints REST em JSON para Pet, Consulta e Plano de Cuidado; API protegida (token/sessao) compativel com o app mobile; contrato documentado (OpenAPI/Swagger); testado com client externo.","KuraVet;Java;API","Monolito Java (Spring Boot)"
"Task","T4.3.1 - Endpoints REST JSON (Pet, Consulta, Plano)","New","KuraVet","KuraVet\Release 1\Sprint 3","","2","Implementacao dos endpoints REST.","Dependencias: PBI 4.2","KuraVet;Java","PBI 4.3 - API JSON Paralela para o App Mobile"
"Task","T4.3.2 - Protecao da API (token/sessao)","New","KuraVet","KuraVet\Release 1\Sprint 3","","2","Autenticacao compativel com o app mobile.","Dependencias: T4.3.1","KuraVet;Java","PBI 4.3 - API JSON Paralela para o App Mobile"
"Task","T4.3.3 - Documentacao OpenAPI e testes com client externo","New","KuraVet","KuraVet\Release 1\Sprint 3","","1","Swagger e testes via Postman/Insomnia.","Dependencias: T4.3.1","KuraVet;Java","PBI 4.3 - API JSON Paralela para o App Mobile"
"Product Backlog Item","PBI 5.1 - Navegacao Real e Telas Protegidas","New","KuraVet","KuraVet\Release 1\Sprint 3","2","8","Navegacao real (React Navigation) com no minimo 6 telas protegidas por autenticacao.","Minimo de 6 telas navegaveis via rotas reais (Stack/Tab); telas protegidas redirecionam para login quando nao autenticado; fluxo validado por roteiro de QA.","KuraVet;Mobile;ReactNative","App Mobile (React Native)"
"Task","T5.1.1 - Setup React Navigation (Stack/Tab)","New","KuraVet","KuraVet\Release 1\Sprint 3","","1","Configuracao base de navegacao.","Dependencias: -","KuraVet;Mobile","PBI 5.1 - Navegacao Real e Telas Protegidas"
"Task","T5.1.2 - Implementacao das 6 telas","New","KuraVet","KuraVet\Release 1\Sprint 3","","4","Estrutura e layout das telas.","Dependencias: T5.1.1","KuraVet;Mobile","PBI 5.1 - Navegacao Real e Telas Protegidas"
"Task","T5.1.3 - Guard de rotas protegidas","New","KuraVet","KuraVet\Release 1\Sprint 3","","2","Redirecionamento para login quando nao autenticado.","Dependencias: PBI 5.3","KuraVet;Mobile","PBI 5.1 - Navegacao Real e Telas Protegidas"
"Task","T5.1.4 - Testes manuais de navegacao","New","KuraVet","KuraVet\Release 1\Sprint 3","","1","Roteiro de QA de navegacao.","Dependencias: T5.1.2;T5.1.3","KuraVet;Mobile","PBI 5.1 - Navegacao Real e Telas Protegidas"
"Product Backlog Item","PBI 5.2 - Integracao de API (TanStack Query)","New","KuraVet","KuraVet\Release 1\Sprint 3","3","5","Consumo da API do backend Java via TanStack Query, com loading e timeout estendido de 60 segundos.","Requisicoes usam useQuery/useMutation com cache; estados de loading visiveis em todas as telas; timeout de 60 segundos configurado; tratamento de erro de timeout/rede com feedback ao usuario.","KuraVet;Mobile;API","App Mobile (React Native)"
"Task","T5.2.1 - Client HTTP com timeout de 60s","New","KuraVet","KuraVet\Release 1\Sprint 3","","1","Configuracao do client HTTP.","Dependencias: PBI 4.3","KuraVet;Mobile","PBI 5.2 - Integracao de API (TanStack Query)"
"Task","T5.2.2 - Queries/mutations (TanStack Query)","New","KuraVet","KuraVet\Release 1\Sprint 3","","2","Implementacao de useQuery/useMutation.","Dependencias: T5.2.1","KuraVet;Mobile","PBI 5.2 - Integracao de API (TanStack Query)"
"Task","T5.2.3 - Estados de loading e tratamento de erro","New","KuraVet","KuraVet\Release 1\Sprint 3","","2","UI de loading e erro nas telas.","Dependencias: T5.2.2","KuraVet;Mobile","PBI 5.2 - Integracao de API (TanStack Query)"
"Product Backlog Item","PBI 5.3 - Autenticacao Externa e Desacoplada (Firebase)","New","KuraVet","KuraVet\Release 1\Sprint 3","2","5","Autenticacao via Firebase Authentication, integrada ao fluxo de login, desacoplada da logica de negocio.","Login/cadastro via Firebase Auth funcional (e-mail/senha); token do Firebase usado nas chamadas a API; autenticacao desacoplada em camada de servico isolada; logout e persistencia de sessao funcionando.","KuraVet;Mobile;Firebase","App Mobile (React Native)"
"Task","T5.3.1 - Configuracao do projeto Firebase e SDK","New","KuraVet","KuraVet\Release 1\Sprint 3","","1","Setup do Firebase no app.","Dependencias: -","KuraVet;Mobile","PBI 5.3 - Autenticacao Externa e Desacoplada (Firebase)"
"Task","T5.3.2 - Login/cadastro (Firebase Auth)","New","KuraVet","KuraVet\Release 1\Sprint 3","","2","Implementacao do fluxo de autenticacao.","Dependencias: T5.3.1","KuraVet;Mobile","PBI 5.3 - Autenticacao Externa e Desacoplada (Firebase)"
"Task","T5.3.3 - Persistencia de sessao e logout","New","KuraVet","KuraVet\Release 1\Sprint 3","","1","Manutencao de sessao e logout.","Dependencias: T5.3.2","KuraVet;Mobile","PBI 5.3 - Autenticacao Externa e Desacoplada (Firebase)"
"Task","T5.3.4 - Testes de fluxo de autenticacao","New","KuraVet","KuraVet\Release 1\Sprint 3","","1","Validacao do fluxo completo de auth.","Dependencias: T5.3.2;T5.3.3","KuraVet;Mobile","PBI 5.3 - Autenticacao Externa e Desacoplada (Firebase)"
